participant_id,condition,laptime_total_seconds,steering_reversal_rate,srr_during_vibration,srr_during_lka,cte_absmean_meters,pct_time_edge_region,srr_straight,srr_vibration_straight,srr_lka_straight,cte_absmean_straight,srr_short_turn,srr_vibration_short_turn,srr_lka_short_turn,cte_absmean_short_turn,srr_long_turn,srr_vibration_long_turn,srr_lka_long_turn,cte_absmean_long_turn,nback_hitrate_pct,nback_farate_pct,nback_accuracy_corrected_pct,nback_penalized_rt_seconds,nback_processing_speed,Trust_Score,TAM_PU,TAM_PEOU,TAM_Total,Specify what gender you identify with,How old are you?,How often do you ride a bicycle?,How confident are you in your cycling skills?,Have you used VR systems or simulators before?,"If yes, how often do you use VR or simulators?",How familiar are you with VR or simulation environments?
5,Baseline,134.6528,259.2266,0.0,3.1242,0.4194,36.5194,146.5703,0.0,3.2882,0.4513,183.6588,0.0,2.4839,0.4939,289.7936,0.0,2.1914,0.3036,55.5556,3.18,52.3756,0.8201,1.3042,3.0833,5.1,5.1,5.1,Female,27,Rarely,3,Yes,Rarely,3
5,HapticsAdaptive,120.757,345.4248,5.3375,7.4438,0.2896,15.1294,196.9247,5.4934,7.7809,0.3861,319.931,5.7878,10.0046,0.1972,281.582,4.4253,0.8572,0.1798,55.0,3.8111,51.1889,0.8796,1.1966,3.0833,5.6,5.5,5.55,Female,27,Rarely,3,Yes,Rarely,3
5,HapticsFixed,121.875,413.4483,7.3442,5.2566,0.3454,32.0615,267.0381,8.8196,6.6696,0.3708,341.3717,7.414,6.707,0.2751,262.8674,1.521,2.8846,0.3489,35.7142,3.434,32.2802,0.8646,1.2292,2.9583,4.7,4.6,4.65,Female,27,Rarely,3,Yes,Rarely,3
6,Baseline,124.1458,286.4978,0.0,2.9975,0.3099,10.7636,160.7002,0.0,4.4793,0.2732,219.057,0.0,2.7648,0.3274,261.7434,0.0,0.4366,0.3611,60.7143,1.473,59.2412,1.2046,0.842,3.0,2.6,3.4,3.0,Male,23,Rarely,5,Yes,Rarely,2
6,HapticsAdaptive,114.5556,443.1936,7.3392,8.173,0.3528,28.2813,198.0495,5.9072,6.2208,0.3441,238.4554,2.9818,0.0,0.1544,630.7511,9.0008,8.7946,0.4848,66.6667,0.0,66.6667,1.158,0.8719,3.0417,3.3,5.1,4.2,Male,23,Rarely,5,Yes,Rarely,2
6,HapticsFixed,115.9028,504.5238,9.3479,7.7357,0.3252,28.1854,250.4874,10.6107,3.698,0.2684,425.3432,10.6198,7.9162,0.2396,544.9431,8.1587,3.2556,0.4729,35.0,2.381,32.619,1.1736,0.8647,4.2083,3.8,4.9,4.35,Male,23,Rarely,5,Yes,Rarely,2
7,Baseline,120.2222,275.8437,0.0,1.1854,0.1694,2.2214,143.7244,0.0,0.0,0.0942,222.2386,0.0,1.0714,0.2586,286.1466,0.0,1.5584,0.2446,29.1666,3.2886,25.8781,0.7395,1.3694,2.625,2.3,4.6,3.45,Female,21,Rarely,6,Yes,Rarely,2
7,HapticsAdaptive,115.5348,311.9506,5.3595,7.1428,0.121,0.296,157.2049,6.2857,0.0,0.093,291.5784,4.8123,7.1428,0.212,308.8714,6.2844,0.0,0.1128,38.3333,0.0,38.3333,0.7222,1.387,2.7917,2.1,3.9,3.0,Female,21,Rarely,6,Yes,Rarely,2
7,HapticsFixed,141.8472,364.6304,9.2904,3.8966,0.1906,7.5666,162.7435,9.7902,3.6036,0.152,405.8758,9.9856,3.9699,0.324,353.972,14.2921,0.0,0.1512,48.5714,0.0,48.5714,0.7413,3.369,1.9167,1.7,3.2,2.45,Female,21,Rarely,6,Yes,Rarely,2
8,Baseline,96.6181,327.7782,0.0,4.6591,0.3114,18.2456,191.8696,0.0,5.7329,0.3072,268.3126,0.0,3.8448,0.4194,265.4078,0.0,2.0988,0.25,75.0,3.2888,71.7112,0.7587,1.4133,3.4583,1.6,3.8,2.7,Male,20,Several times per week,6,No,This is my first time,3
8,HapticsAdaptive,106.3195,420.487,6.5982,7.2424,0.3866,29.6369,200.1943,5.8362,7.5168,0.2555,444.4658,8.1749,8.6467,0.5808,394.2425,5.4418,3.1132,0.3972,50.0,3.9563,46.0437,0.7454,1.5322,3.5417,3.4,3.7,3.55,Male,20,Several times per week,6,No,This is my first time,3
8,HapticsFixed,107.1666,513.7216,8.3072,8.2804,0.4039,40.3833,270.9858,8.2913,8.641,0.3788,418.5986,7.557,7.396,0.4158,490.204,9.5792,3.6718,0.4143,52.5,4.3741,48.1259,0.7257,1.5477,4.2083,1.6,4.7,3.15,Male,20,Several times per week,6,No,This is my first time,3
9,Baseline,97.3194,294.4895,0.0,2.7582,0.1788,4.9282,152.5002,0.0,3.863,0.1714,234.4441,0.0,2.5532,0.2082,312.8628,0.0,1.4238,0.1752,45.8334,1.5903,44.243,1.2917,0.7827,4.75,6.2,6.6,6.4,Male,22,Several times per week,6,Yes,Rarely,2
9,HapticsAdaptive,113.7708,247.8241,3.5582,0.0,0.1342,0.0,131.235,3.1161,0.0,0.1295,207.6696,2.8938,0.0,0.1493,256.4729,18.2707,0.0,0.1336,14.2857,3.3552,10.9304,1.1216,4.6712,4.7917,5.7,6.4,6.05,Male,22,Several times per week,6,Yes,Rarely,2
9,HapticsFixed,135.5764,322.8892,7.7062,0.0,0.0914,0.0,219.9888,9.8364,0.0,0.0728,273.9209,7.7674,0.0,0.177,217.0589,3.75,0.0,0.0819,18.75,2.1667,16.5834,1.426,0.3743,4.25,5.9,6.1,6.0,Male,22,Several times per week,6,Yes,Rarely,2
10,Baseline,92.7638,337.118,0.0,6.6892,0.2268,9.5488,213.2099,0.0,1.6875,0.166,281.424,0.0,9.9283,0.2548,220.4388,0.0,0.8926,0.3304,12.5,1.5958,10.9042,1.4792,0.3428,3.0833,1.5,5.1,3.3,Male,22,Several times per month,7,No,This is my first time,1
10,HapticsAdaptive,85.8542,371.2154,6.598,11.5719,0.225,6.5536,180.8145,7.0636,6.5625,0.2042,433.9086,6.9236,11.3968,0.3883,322.9898,5.2266,6.0811,0.1587,42.5,1.964,40.536,1.199,0.8385,3.5417,2.1,5.0,3.55,Male,22,Several times per month,7,No,This is my first time,1
10,HapticsFixed,101.9306,360.0553,12.1732,13.299,0.1558,1.6639,158.9698,15.0566,0.0,0.0968,447.7263,10.4704,13.1473,0.267,364.4202,13.586,8.4507,0.1874,58.3334,1.5256,56.8078,1.3403,0.7488,2.875,2.3,5.6,3.95,Male,22,Several times per month,7,No,This is my first time,1
11,Baseline,110.125,223.0612,0.0,1.3698,0.2413,2.2874,125.022,0.0,0.0,0.1843,136.4433,0.0,2.0336,0.2799,223.2814,0.0,0.8696,0.3123,47.5,2.8302,44.6698,1.0949,1.0638,2.9583,2.0,5.0,3.5,Male,21,Several times per month,7,Yes,Rarely,3
11,HapticsAdaptive,110.0834,297.2041,4.9887,4.2051,0.2454,4.061,123.1552,4.0867,10.3572,0.1894,300.2039,5.2997,2.2424,0.3679,358.2823,5.5051,3.0732,0.2676,18.3334,4.3412,13.9922,1.4792,0.6762,1.9583,1.8,4.8,3.3,Male,21,Several times per month,7,Yes,Rarely,3
11,HapticsFixed,113.1598,714.4026,17.0293,9.2958,0.234,0.4451,310.3468,19.7847,0.0,0.2053,630.2801,11.6635,9.2958,0.326,956.5952,16.6488,0.0,0.2275,8.3334,2.3148,6.0185,1.4306,0.3674,1.7083,2.1,5.5,3.8,Male,21,Several times per month,7,Yes,Rarely,3
12,Baseline,109.25,234.729,0.0,4.2566,0.1904,4.2196,125.3817,0.0,0.7362,0.1358,210.8868,0.0,4.904,0.2722,222.0178,0.0,0.0,0.2317,0.0,1.4332,-1.4332,1.5,0.0,4.7083,3.5,5.8,4.65,Male,22,Rarely,6,No,This is my first time,1
12,HapticsAdaptive,96.75,399.2584,7.562,9.3355,0.2888,19.4938,180.6878,4.6282,4.6112,0.232,433.7093,7.2831,9.3444,0.3644,393.0187,8.409,10.6783,0.3093,0.0,1.0994,-1.0994,1.5,0.0,4.625,3.6,5.8,4.7,Male,22,Rarely,6,No,This is my first time,1
12,HapticsFixed,106.3472,346.247,7.8505,8.1738,0.2197,9.9094,152.0469,7.5121,6.539,0.1718,413.0585,8.5821,15.1994,0.2862,367.2827,6.9746,6.6582,0.2558,0.0,1.0162,-1.0162,1.5,0.0,4.2917,3.4,5.7,4.55,Male,22,Rarely,6,No,This is my first time,1
13,Baseline,156.1597,262.6861,0.0,6.5184,0.2101,3.977,132.772,0.0,3.4426,0.17,240.9366,0.0,3.4286,0.278,261.2182,0.0,6.3911,0.2368,41.6667,1.892,39.7746,1.0938,0.9255,4.625,4.7,6.7,5.7,Male,20,Several times per month,6,Yes,Rarely,4
13,HapticsAdaptive,168.5556,265.8132,4.7144,4.0754,0.2027,1.1332,157.2628,5.1416,4.1666,0.2262,211.337,4.2476,3.6734,0.1956,226.927,4.1789,0.0,0.1703,30.5556,1.2646,29.2909,1.2604,0.7989,4.625,4.8,6.4,5.6,Male,20,Several times per month,6,Yes,Rarely,4
13,HapticsFixed,158.25,281.93,7.3888,10.2608,0.1674,0.8616,159.7688,6.6006,0.0,0.1734,289.2372,7.8197,3.3962,0.1873,213.523,7.3148,9.079,0.1451,22.5,2.9631,19.5369,1.1701,0.8572,4.6667,4.7,6.6,5.65,Male,20,Several times per month,6,Yes,Rarely,4
14,Baseline,98.0278,294.4766,0.0,4.4261,0.361,14.0372,166.4739,0.0,4.2344,0.4694,253.8819,0.0,2.967,0.2308,266.2926,0.0,2.8899,0.2576,37.5,2.8078,34.6922,1.1389,0.8354,3.0,2.3,5.4,3.85,Male,23,Several times per week,7,No,This is my first time,2
14,HapticsAdaptive,100.7084,300.0275,4.5395,11.9092,0.2472,1.3956,140.3674,3.9458,2.5714,0.2423,284.154,4.4834,0.0,0.2808,344.6294,5.6058,9.3378,0.2361,58.3334,4.1456,54.1877,0.9774,1.1488,3.2083,3.3,6.4,4.85,Male,23,Several times per week,7,No,This is my first time,2
14,HapticsFixed,107.882,474.632,10.1407,6.0,0.2132,0.8098,277.2638,10.2347,1.9355,0.2161,276.9359,6.0116,0.0,0.1868,536.8754,10.86,7.5,0.2384,25.0,4.2652,20.7348,1.1436,0.6532,3.4583,3.7,6.1,4.9,Male,23,Several times per week,7,No,This is my first time,2
16,Baseline,112.5764,254.1973,0.0,0.0,0.0861,0.0,145.4002,0.0,0.0,0.0847,203.589,0.0,0.0,0.1384,218.5844,0.0,0.0,0.0612,35.0,1.7544,33.2456,1.3715,0.7292,4.4167,6.0,7.0,6.5,Male,22,Several times per month,6,Yes,Occasionally (monthly),7
16,HapticsAdaptive,120.3264,249.3534,4.3768,1.875,0.0874,0.2144,151.2656,3.0173,1.875,0.0701,178.3146,1.2957,0.0,0.1356,232.3652,3.1884,0.0,0.0924,10.0,2.2998,7.7002,1.4861,0.3396,4.0417,5.0,6.5,5.75,Male,22,Several times per month,6,Yes,Occasionally (monthly),7
16,HapticsFixed,112.1736,286.2718,7.177,0.0,0.0772,0.0,188.5408,0.0,0.0,0.0708,191.168,2.8436,0.0,0.1065,220.5088,4.3334,0.0,0.0733,35.0,2.3035,32.6965,1.4202,0.71,4.625,6.7,6.7,6.7,Male,22,Several times per month,6,Yes,Occasionally (monthly),7
