Participant;File;Targets;Hits;Misses;Accuracy;AvgRT_sec;FalsePresses;ExtraPressesInWindow;TotalPressEvents;Window_sec
10;10_BaselineCC_20260128_180051.csv;3;0;3;0.0000;;0;0;0;1.50
10;10_BaselineCW_20260128_173052.csv;4;1;3;0.2500;1.4583;3;0;4;1.50
10;10_HapticsAdaptiveCC_20260128_174548.csv;5;3;2;0.6000;1.1620;1;0;4;1.50
10;10_HapticsAdaptiveCW_20260128_171230.csv;4;1;3;0.2500;1.2361;2;0;3;1.50
10;10_HapticsFixedCC_20260128_172131.csv;4;2;2;0.5000;1.3403;2;0;4;1.50
10;10_HapticsFixedCW_20260128_173808.csv;3;2;1;0.6667;1.3403;1;0;3;1.50
11;11_BaselineCC_20260129_102139.csv;4;3;1;0.7500;1.1342;2;0;5;1.50
11;11_BaselineCW_20260129_100446.csv;5;1;4;0.2000;1.0556;4;0;5;1.50
11;11_HapticsAdaptiveCC_20260129_103057.csv;6;1;5;0.1667;1.4583;3;0;4;1.50
11;11_HapticsAdaptiveCW_20260129_101558.csv;5;1;4;0.2000;1.5000;6;0;7;1.50
11;11_HapticsFixedCC_20260129_102723.csv;6;1;5;0.1667;1.3611;3;0;4;1.50
11;11_HapticsFixedCW_20260129_100919.csv;4;0;4;0.0000;;2;0;2;1.50
12;12_BaselineCC_20260129_111249.csv;4;0;4;0.0000;;1;0;1;1.50
12;12_BaselineCW_20260129_111854.csv;5;0;5;0.0000;;2;0;2;1.50
12;12_HapticsAdaptiveCC_20260129_112533.csv;5;0;5;0.0000;;1;0;1;1.50
12;12_HapticsAdaptiveCC_20260129_113016.csv;5;0;5;0.0000;;1;0;1;1.50
12;12_HapticsFixedCC_20260129_113611.csv;4;0;4;0.0000;;1;0;1;1.50
12;12_HapticsFixedCW_20260129_110700.csv;4;0;4;0.0000;;1;0;1;1.50
13;13_BaselineCC_20260129_120202.csv;6;1;5;0.1667;1.0139;5;0;6;1.50
13;13_BaselineCW_20260129_123123.csv;6;4;2;0.6667;1.1736;1;0;5;1.50
13;13_HapticsAdaptiveCC_20260129_120713.csv;8;4;4;0.5000;1.2986;2;0;6;1.50
13;13_HapticsAdaptiveCW_20260129_123730.csv;9;1;8;0.1111;1.2222;2;0;3;1.50
13;13_HapticsFixedCC_20260129_122604.csv;8;2;6;0.2500;1.1736;4;0;6;1.50
13;13_HapticsFixedCW_20260129_121444.csv;5;1;4;0.2000;1.1666;5;0;6;1.50
14;14_BaselineCC_20260129_131805.csv;4;3;1;0.7500;0.7778;2;0;5;1.50
14;14_BaselineCW_20260129_133429.csv;3;0;3;0.0000;;3;0;3;1.50
14;14_HapticsAdaptiveCC_20260129_130707.csv;6;4;2;0.6667;0.7326;5;0;9;1.50
14;14_HapticsAdaptiveCW_20260129_132352.csv;4;2;2;0.5000;1.2222;3;0;5;1.50
14;14_HapticsFixedCC_20260129_131154.csv;6;3;3;0.5000;0.7871;6;0;9;1.50
14;14_HapticsFixedCW_20260129_132920.csv;3;0;3;0.0000;;3;0;3;1.50
16;16_BaselineCC_20260131_163623.csv;4;2;2;0.5000;1.3681;0;0;2;1.50
16;16_BaselineCW_20260131_160857.csv;5;1;4;0.2000;1.3750;4;0;5;1.50
16;16_HapticsAdaptiveCC_20260131_163030.csv;5;1;4;0.2000;1.4723;3;0;4;1.50
16;16_HapticsAdaptiveCW_20260131_160126.csv;7;0;7;0.0000;;2;0;2;1.50
16;16_HapticsFixedCC_20260131_161454.csv;5;1;4;0.2000;1.5000;2;0;3;1.50
16;16_HapticsFixedCW_20260131_162109.csv;4;2;2;0.5000;1.3402;3;0;5;1.50
6;6_BaselineCC_20260128_132550.csv;6;3;3;0.5000;1.1620;2;0;5;1.50
6;6_BaselineCW_20260128_133229.csv;7;5;2;0.7143;1.2472;1;0;6;1.50
6;6_HapticsAdaptiveCC_20260128_135515.csv;6;4;2;0.6667;1.1007;0;0;4;1.50
6;6_HapticsAdaptiveCW_20260128_134530.csv;6;4;2;0.6667;1.2153;0;0;4;1.50
6;6_HapticsFixedCC_20260128_140344.csv;5;1;4;0.2000;1.1111;4;0;5;1.50
6;6_HapticsFixedCW_20260128_131641.csv;6;3;3;0.5000;1.2361;1;0;4;1.50
7;7_BaselineCC_20260128_142257.csv;6;2;4;0.3333;0.7570;2;0;4;1.50
7;7_BaselineCW_20260128_145735.csv;4;1;3;0.2500;0.7222;5;0;6;1.50
7;7_HapticsAdaptiveCC_20260128_143259.csv;6;1;5;0.1667;0.7222;0;0;1;1.50
7;7_HapticsAdaptiveCW_20260128_150252.csv;5;3;2;0.6000;0.7222;0;0;3;1.50
7;7_HapticsFixedCC_20260128_144935.csv;7;4;3;0.5714;0.9132;0;0;4;1.50
7;7_HapticsFixedCW_20260128_144111.csv;5;2;3;0.4000;0.5694;0;0;2;1.50
8;8_BaselineCC_20260128_153444.csv;4;2;2;0.5000;0.7292;2;0;4;1.50
8;8_BaselineCW_20260128_155539.csv;4;4;0;1.0000;0.7882;4;0;8;1.50
8;8_HapticsAdaptiveCC_20260128_152021.csv;5;3;2;0.6000;0.7408;3;0;6;1.50
8;8_HapticsAdaptiveCW_20260128_154121.csv;5;2;3;0.4000;0.7500;5;0;7;1.50
8;8_HapticsFixedCC_20260128_152437.csv;5;4;1;0.8000;0.8264;4;0;8;1.50
8;8_HapticsFixedCW_20260128_154932.csv;4;1;3;0.2500;0.6250;5;0;6;1.50
9;9_BaselineCC_20260128_164812.csv;3;2;1;0.6667;1.4166;1;0;3;1.50
9;9_BaselineCW_20260128_163919.csv;4;1;3;0.2500;1.1667;2;0;3;1.50
9;9_HapticsAdaptiveCC_20260128_163141.csv;5;0;5;0.0000;;4;0;4;1.50
9;9_HapticsAdaptiveCW_20260128_162241.csv;7;2;5;0.2857;0.7431;3;0;5;1.50
9;9_HapticsFixedCC_20260128_161121.csv;8;3;5;0.3750;1.3519;5;0;8;1.50
9;9_HapticsFixedCW_20260128_165542.csv;4;0;4;0.0000;;1;0;1;1.50
