participant_id,trial_order,condition,laptime_total_seconds,speed_mean_kmh_overall,cte_absmean_meters_overall,cte_absmean_meters_straight,cte_absmean_meters_shortturn,cte_absmean_meters_longturn,cte_sd_meters_overall,cte_sd_meters_straight,cte_sd_meters_shortturn,cte_sd_meters_longturn,cte_sd_meters_manual,cte_sd_meters_warning,cte_sd_meters_intervention,headingerror_absmean_deg_overall,headingerror_absmean_deg_straight,headingerror_absmean_deg_shortturn,headingerror_absmean_deg_longturn,headingerror_absmean_deg_manual,headingerror_absmean_deg_warning,headingerror_absmean_deg_intervention,headingerror_sd_deg_overall,headingerror_sd_deg_straight,headingerror_sd_deg_shortturn,headingerror_sd_deg_longturn,headingerror_sd_deg_manual,headingerror_sd_deg_warning,headingerror_sd_deg_intervention,steeringangle_sd_deg_overall,steeringangle_sd_deg_straight,steeringangle_sd_deg_shortturn,steeringangle_sd_deg_longturn,steeringangle_sd_deg_manual,steeringangle_sd_deg_warning,steeringangle_sd_deg_intervention,steeringreversal_perminute_overall,steeringreversal_perminute_manual,steeringreversal_perminute_warning,steeringreversal_perminute_intervention,steeringreversal_perminute_straight,steeringreversal_perminute_shortturn,steeringreversal_perminute_longturn,lka_switch_percenttime_overall,activelkaeffort_absmean_overall,activelkaeffort_absmean_straight,activelkaeffort_absmean_shortturn,activelkaeffort_absmean_longturn,percenttime_manual,percenttime_warning,percenttime_intervention,nback_hitrate_percent,nback_farate_percent,nback_accuracy_corrected_percent,nback_reactiontime_penalized_seconds,nback_processingspeed_inverseseconds
5,1,Baseline,128.8195,9.6199,0.4136,0.4635,0.5447,0.2241,0.1972,0.1604,0.1709,0.119,0.1547,,0.079,1.6452,0.799,3.9495,1.6154,1.8601,,1.3858,2.5783,1.2071,4.7959,2.0998,2.7393,,2.2834,3.5553,1.2282,6.8955,2.0528,3.3586,,2.9457,225.6927,277.389,,163.2955,217.9896,198.2449,260.0736,100.0,0.1019,0.0605,0.2182,,54.6895,0.0,45.3105,77.7778,2.9412,74.8366,0.7976,1.3934
5,4,Baseline,140.4861,8.8583,0.4252,0.4391,0.4431,0.383,0.667,0.7164,0.4771,0.1181,0.2725,,1.0633,3.1552,3.2808,4.5504,2.0305,2.5277,,4.7908,6.0131,7.0006,5.4808,2.4393,4.3253,,8.9211,3.9614,3.2696,6.7828,2.3634,3.875,,4.1519,292.2929,294.6186,,286.2309,303.5413,205.8112,318.8265,100.0,0.2554,0.3013,0.2082,0.1156,72.2716,0.0,27.7284,33.3333,3.4188,29.9145,0.8426,1.2149
6,2,Baseline,117.6389,10.5341,0.2981,0.2761,0.361,0.2973,0.2571,0.1709,0.3949,0.1428,0.2116,,0.453,1.3242,0.8993,2.9629,1.0712,1.2672,,1.7388,1.8732,1.2073,3.6134,1.1367,1.7651,,2.4692,3.0488,1.0109,6.0595,1.6753,2.7612,,4.3997,288.9248,292.716,,261.3534,284.8431,233.3269,326.1954,33.6914,0.0822,0.0574,0.1142,,87.9117,0.0,12.0883,50.0,2.0202,47.9798,1.162,0.8694
6,3,Baseline,130.6528,9.4382,0.3218,0.2702,0.2939,0.425,0.1883,0.1437,0.2843,0.0785,0.1723,,0.1935,1.6665,0.8842,3.5779,1.8609,1.6458,,1.8651,2.4112,1.2659,4.202,2.02,2.4248,,2.2045,3.1416,1.0176,6.2264,1.8343,3.2421,,1.6875,283.5487,295.404,,169.9428,347.6055,247.7545,196.6844,100.0,0.0689,0.1321,0.0213,0.0472,90.5506,0.0,9.4494,71.4286,0.9259,70.5026,1.2472,0.8147
7,1,Baseline,137.6111,8.9955,0.1304,0.0731,0.1638,0.1991,0.1349,0.0873,0.1873,0.0569,0.1349,,,1.1303,0.6822,2.5567,1.011,1.1303,,,1.5264,0.9686,2.6822,0.9883,1.5264,,,2.9966,1.1842,5.8403,1.515,2.9966,,,274.8755,274.8755,,,272.9762,241.1345,296.8554,100.0,,,,,100.0,0.0,0.0,33.3333,1.5267,31.8066,0.7569,1.354
7,5,Baseline,102.8333,11.9923,0.2084,0.1154,0.3534,0.2902,0.2267,0.125,0.3988,0.1151,0.1773,,0.5499,1.5298,1.0111,3.4939,1.2915,1.4409,,3.44,2.3588,1.4372,4.4925,1.4168,2.2241,,4.1925,3.1664,1.156,6.51,1.4812,3.0825,,3.7406,276.3056,281.2222,,170.5626,286.3072,248.649,274.7617,100.0,0.1486,,0.1793,0.048,95.5571,0.0,4.4429,25.0,5.0505,19.9495,0.7222,1.3847
8,3,Baseline,100.0556,12.384,0.1905,0.1684,0.395,0.0976,0.243,0.1367,0.4306,0.099,0.2039,,0.1262,1.3924,0.9171,2.8913,1.252,1.3251,,2.4954,1.9582,1.2317,3.5613,1.3682,1.8455,,3.2883,3.085,0.9716,6.1957,1.248,2.9579,,4.577,365.4536,364.8502,,375.3519,409.3176,336.8859,308.1809,100.0,0.1712,0.0608,0.22,,94.254,0.0,5.746,50.0,2.0833,47.9167,0.7292,1.5429
8,6,Baseline,93.1806,13.2856,0.4322,0.4459,0.4437,0.4023,0.1351,0.1192,0.2031,0.0955,0.1127,,0.0781,1.5429,0.8724,3.137,1.6451,1.6429,,1.3177,2.2992,1.3735,3.7363,1.9212,2.3816,,1.9194,3.2927,0.9905,6.4316,1.8938,2.8665,,3.3744,289.4853,287.0267,,295.0233,345.0171,250.962,221.9576,100.0,0.0838,0.0497,0.2047,0.0258,69.2548,0.0,30.7452,100.0,4.4944,95.5056,0.7882,1.2837
9,4,Baseline,99.6111,12.4691,0.2216,0.2226,0.2414,0.2093,0.3104,0.2632,0.2765,0.2851,0.1872,,0.7423,4.0962,4.5304,3.0976,3.7248,1.9346,,23.8653,9.9775,12.0237,3.7107,6.409,3.6043,,23.7869,5.4986,5.6547,6.128,4.6886,3.1034,,13.6126,290.0565,278.3792,,396.8537,317.8405,286.9381,235.0595,100.0,0.4194,0.5967,0.0505,0.2588,90.1436,0.0,9.8564,25.0,2.1053,22.8947,1.1667,0.8571
9,5,Baseline,95.0277,13.0308,0.1359,0.1203,0.1749,0.141,0.1494,0.1274,0.2103,0.1391,0.1494,,,1.6684,1.0026,2.8142,2.0942,1.6684,,,2.0829,1.365,3.2699,1.8457,2.0829,,,3.0037,1.2906,6.0678,1.7218,3.0037,,,298.3672,298.3672,,,250.8718,229.8753,389.8928,100.0,,,,,100.0,0.0,0.0,66.6667,1.0753,65.5914,1.4166,0.7083
10,3,Baseline,98.0555,12.6086,0.152,0.11,0.2709,0.1498,0.1862,0.1255,0.3051,0.0937,0.1728,,0.043,1.4356,0.9775,3.0159,1.2361,1.41,,3.3484,2.1319,1.4002,3.9219,1.3527,2.086,,3.9702,2.997,0.8488,6.157,1.1315,2.9796,,0.6709,289.1554,282.4835,,789.0462,289.4305,317.2008,271.0676,100.0,0.1203,,0.1203,,98.6829,0.0,1.3171,25.0,3.1915,21.8085,1.4583,0.6857
10,6,Baseline,87.4722,13.7675,0.3017,0.222,0.2387,0.5111,0.41,0.3202,0.2294,0.6134,0.2282,,0.8328,3.9071,2.1083,3.4342,7.8624,3.2677,,6.8637,6.2152,4.3425,3.9122,9.7618,5.5798,,8.5638,4.7927,3.1586,5.9117,5.7272,4.3116,,6.577,384.4392,430.0711,,173.4327,529.8951,294.1647,169.2253,98.3172,0.3949,0.3005,0.0077,0.4474,82.2194,0.0,17.7806,0.0,0.0,0.0,1.5,0.0
11,1,Baseline,110.6945,11.1412,0.2465,0.1516,0.2699,0.3904,0.2277,0.169,0.2773,0.0871,0.2168,,0.4886,1.3385,0.8111,2.933,1.1483,1.3307,,1.6398,2.0662,1.1596,3.7324,1.3709,2.0574,,2.3265,3.1885,1.2218,6.1386,1.4574,3.1601,,3.9553,232.317,233.9426,,170.1102,256.2679,182.9957,225.3692,100.0,0.0231,,0.0476,0.0115,97.4533,0.0,2.5467,20.0,3.7736,16.2264,1.0556,0.9473
11,4,Baseline,109.5555,11.2753,0.2361,0.2169,0.29,0.2341,0.2702,0.2281,0.3029,0.113,0.2631,,0.4987,1.5159,0.8769,3.1048,1.5749,1.5144,,1.5852,2.4488,1.1786,4.4936,2.0464,2.4568,,2.0175,3.1156,0.984,6.3883,1.2616,3.0803,,4.5031,213.3925,217.2515,,26.9784,245.2709,116.8213,220.6541,100.0,0.0248,,0.0248,,97.9719,0.0,2.0281,75.0,1.8868,73.1132,1.1342,1.1802
12,2,Baseline,108.0278,11.4161,0.2299,0.1385,0.3355,0.3164,0.2539,0.2065,0.3436,0.0749,0.2188,,0.5317,1.5599,1.219,3.2425,1.0292,1.4381,,3.5124,2.5096,2.1119,4.3264,0.9164,2.3382,,4.3966,3.2928,1.4096,6.4669,1.3689,3.1597,,4.5852,229.7275,226.9695,,273.9165,227.4745,268.5474,207.8684,100.0,0.1648,0.3043,0.0874,,94.1252,0.0,5.8748,0.0,0.9615,-0.9615,1.5,0.0
12,3,Baseline,110.4722,11.2008,0.151,0.133,0.2088,0.147,0.1843,0.0838,0.2638,0.0928,0.1656,,0.0409,1.308,0.8556,2.8348,1.1609,1.2709,,2.7175,1.8582,1.2647,3.383,1.0849,1.7952,,2.8976,3.0546,0.9367,6.2239,1.4545,2.9985,,1.6723,239.2957,236.6833,,338.5527,255.9096,197.412,235.6194,100.0,0.0909,,0.0909,,97.4356,0.0,2.5644,0.0,1.9048,-1.9048,1.5,0.0
13,1,Baseline,170.0,7.3082,0.2259,0.2192,0.2505,0.2217,0.2716,0.2618,0.2954,0.2673,0.2404,,0.4699,2.2937,2.1783,2.7425,2.2062,2.2595,,2.7047,2.9897,2.893,3.128,3.0466,2.9382,,3.2176,4.8233,3.8908,6.9317,4.2772,4.63,,5.8667,307.1409,291.8186,,491.3516,312.6603,302.065,301.3652,100.0,0.0523,0.0592,0.0293,0.0652,92.3209,0.0,7.6791,16.6667,3.0488,13.6179,1.0139,0.9863
13,5,Baseline,142.3194,8.6815,0.1943,0.1209,0.3054,0.2519,0.1901,0.1284,0.2997,0.1435,0.1872,,0.0152,1.6172,1.1518,2.8014,1.6902,1.6,,7.6886,2.2048,1.5092,3.112,2.3924,2.1639,,4.0485,3.7982,2.0882,6.3422,3.535,3.6802,,2.861,217.7649,217.1157,,446.5393,212.0208,229.3596,220.5026,100.0,0.0401,,,0.0401,99.717,0.0,0.283,66.6667,0.7353,65.9314,1.1736,0.8647
14,3,Baseline,114.1389,10.9642,0.344,0.5246,0.2182,0.1215,0.6268,0.8169,0.255,0.1201,0.1936,,1.4066,3.202,4.6809,2.3825,1.2754,1.9084,,12.2607,7.9331,10.8355,3.0197,1.2058,4.7078,,18.0619,4.976,5.671,6.3039,1.5253,3.5496,,10.4852,299.359,305.4953,,256.3869,298.6097,320.7139,290.0255,100.0,0.4673,0.5037,0.0935,,87.5046,0.0,12.4954,75.0,1.8182,73.1818,0.7778,1.6709
14,6,Baseline,81.9167,15.0665,0.378,0.4143,0.2434,0.3936,0.17,0.1169,0.2328,0.079,0.1668,,0.0243,1.3916,0.8895,2.5138,1.6571,1.501,,0.7984,1.948,1.2921,2.9297,1.7537,2.0609,,1.1023,3.0496,1.1985,5.8851,1.8289,3.2491,,1.0218,289.0381,272.1678,,380.4573,328.5349,241.1707,241.8755,100.0,0.0407,0.0397,,0.0438,84.4211,0.0,15.5789,0.0,3.7975,-3.7975,1.5,0.0
16,2,Baseline,119.0972,10.4304,0.0717,0.0685,0.112,0.0516,0.0862,0.0834,0.12,0.0519,0.0862,,,1.1689,0.6565,2.7192,1.2084,1.1689,,,1.667,0.8893,3.0881,1.103,1.667,,,2.8908,0.901,5.8216,1.583,2.8908,,,268.2742,268.2742,,,322.3601,224.7905,184.5644,100.0,,,,,100.0,0.0,0.0,20.0,3.5088,16.4912,1.375,0.7273
16,6,Baseline,106.0555,11.694,0.1005,0.1009,0.1649,0.0709,0.1147,0.1133,0.1558,0.0749,0.1147,,,1.4439,0.9528,2.8443,1.4476,1.4439,,,1.9439,1.4192,3.4496,1.3404,1.9439,,,3.1109,1.1922,6.0055,1.8639,3.1109,,,239.6511,239.6511,,,235.818,223.2105,252.0838,100.0,,,,,100.0,0.0,0.0,50.0,0.0,50.0,1.368,0.731
5,2,HapticsFixed,131.7083,9.4429,0.3535,0.3357,0.2298,0.4677,0.2941,0.256,0.2714,0.3066,0.1274,0.2652,0.0592,1.7048,1.1764,3.2777,1.6786,2.4372,1.6863,0.9863,2.3558,1.9203,3.5759,1.3826,3.0088,2.3416,1.2784,3.2722,1.6242,6.2489,1.6922,3.4684,3.6687,1.8642,444.6717,276.5512,732.4321,362.4381,580.7128,385.8919,225.7439,100.0,0.1127,0.0589,0.0736,0.173,34.8903,30.3248,34.7849,28.5714,3.5714,25.0,0.9652,1.0652
5,5,HapticsFixed,112.0417,11.1155,0.3373,0.4058,0.3204,0.2301,0.2587,0.1562,0.2594,0.2923,0.1969,0.0748,0.2088,1.732,0.8046,3.416,2.2591,1.9931,1.4145,1.3887,2.7,1.183,4.1747,3.2992,2.8983,2.3026,2.4764,3.3501,1.2413,6.3532,2.184,3.4618,3.1374,3.2099,381.4697,328.5986,561.2619,393.9054,436.2467,362.5446,299.3618,100.0,0.0802,0.0264,0.1876,0.2748,56.1725,14.4893,29.3381,42.8571,3.2967,39.5604,0.7639,1.3932
6,1,HapticsFixed,122.0139,10.1143,0.2389,0.1874,0.2782,0.3027,0.2232,0.1987,0.287,0.0834,0.1508,0.2723,0.0067,1.4138,0.8466,3.0874,1.3405,1.3065,1.5398,1.314,1.8729,1.1398,3.2351,1.3326,1.701,2.059,1.0197,2.9975,1.1824,5.9124,1.3424,2.5259,3.4662,0.6863,527.6544,313.3944,774.6278,616.6495,480.3606,509.3735,620.1652,100.0,0.0195,,0.0195,,53.3007,45.9822,0.717,50.0,0.9524,49.0476,1.2361,0.8294
6,6,HapticsFixed,109.7916,11.3886,0.4115,0.3495,0.2009,0.6431,0.2585,0.2217,0.229,0.0384,0.0975,0.0734,0.0627,1.5053,1.0339,3.2654,1.1628,2.0528,2.0227,1.0773,2.1891,1.705,3.7522,1.1191,2.8916,2.8436,1.4195,3.3134,1.3781,6.1898,2.0246,4.7857,2.8085,2.2278,480.4656,254.2469,849.7979,496.4029,510.0875,423.4676,468.4213,100.0,0.1362,0.0632,0.1244,0.1908,28.9906,15.3554,55.6539,20.0,3.8095,16.1905,1.1111,0.9
7,3,HapticsFixed,152.6111,8.1715,0.2169,0.1815,0.4863,0.0738,0.2847,0.2331,0.2626,0.1172,0.1121,0.3252,0.0704,1.7506,1.1551,3.5645,1.4172,1.2588,2.9078,2.926,2.486,1.5343,4.2151,1.5006,1.8734,3.5306,3.0026,3.4362,1.5515,6.5556,1.1786,1.8744,4.6781,3.4674,394.7702,287.0252,743.7659,560.6579,355.85,512.1019,373.9068,100.0,0.2214,0.1609,0.2366,,70.3431,14.5236,15.1333,40.0,0.0,40.0,0.5694,5.6241
7,4,HapticsFixed,131.0833,9.4396,0.1644,0.1225,0.1617,0.2286,0.1647,0.1495,0.1947,0.0626,0.1353,0.1712,,1.3558,0.8182,2.9614,1.1798,1.2617,1.7357,,1.9481,1.1331,3.5197,1.1488,1.921,2.0509,,3.174,0.9763,6.1416,1.6275,3.0265,3.6949,,333.8361,246.4968,686.4093,,306.0841,402.7846,333.2419,100.0,,,,,80.1462,19.8538,0.0,57.1429,0.0,57.1429,0.9132,1.114
8,2,HapticsFixed,108.9722,11.4396,0.4664,0.3693,0.4024,0.6366,0.3077,0.1405,0.4651,0.0478,0.1316,0.2267,0.3087,1.7751,0.8926,4.7509,1.2563,2.1207,1.867,1.6169,3.6072,1.4081,7.6058,1.2677,4.6429,3.9129,2.9954,4.0188,1.1966,8.1249,1.9188,2.5713,4.6457,3.8488,494.5298,289.1304,552.5754,523.5313,475.1401,480.8588,529.0204,100.0,0.157,0.055,0.2372,0.1837,16.1718,30.6614,53.1668,80.0,3.8462,76.1538,0.8264,1.4954
8,5,HapticsFixed,105.3611,11.7955,0.3414,0.3882,0.4293,0.192,0.2474,0.1833,0.3851,0.1289,0.1118,0.0682,0.1382,2.0685,1.7876,3.6062,1.518,2.0674,1.7954,2.3844,3.023,2.6464,4.8292,1.6033,2.5822,2.54,3.9174,3.5983,2.2858,6.4725,1.5648,3.2387,2.2716,4.7749,531.9588,343.1389,655.2701,667.8898,611.3843,435.7214,450.192,10.9002,0.1854,0.1037,0.345,,40.6221,31.778,27.5998,25.0,4.902,20.098,0.625,1.6
9,1,HapticsFixed,153.8889,8.0527,0.0754,0.0563,0.1608,0.0563,0.1018,0.0688,0.1855,0.0655,0.0849,0.1828,,1.047,0.5574,2.6719,0.9071,1.0001,2.5975,,1.5514,0.7636,3.127,0.8293,1.4376,2.6412,,2.9564,0.9581,5.9533,1.4123,2.6615,3.0729,,238.791,231.5589,478.1406,,256.6716,236.2607,208.4583,100.0,,,,,97.0671,2.9329,0.0,37.5,3.4483,34.0517,1.3519,0.7486
9,6,HapticsFixed,117.2639,10.571,0.1073,0.0894,0.1932,0.1075,0.1347,0.1114,0.2172,0.0852,0.1092,0.2995,,1.2743,0.8727,3.0197,1.3762,1.1764,2.5189,,1.8379,1.2347,3.2828,1.6056,1.7103,2.9743,,3.5544,2.8738,6.0528,1.6334,3.4192,4.8581,,406.4015,388.7539,630.6643,,482.761,364.8879,225.1358,100.0,,,,,92.7049,7.2951,0.0,0.0,0.885,-0.885,1.5,0.0
10,2,HapticsFixed,103.7083,11.9083,0.1579,0.0941,0.2866,0.186,0.1962,0.1128,0.2956,0.1254,0.1233,0.3184,0.5198,1.3052,0.7608,2.7423,1.3264,0.9517,2.6958,2.1136,1.9804,1.3112,3.2306,1.682,1.3849,3.4308,2.6177,2.949,0.9019,5.9269,1.3676,2.0227,4.9716,4.6015,353.7395,231.3482,766.2875,1183.9671,304.6313,561.5761,305.2499,100.0,0.0437,,0.0378,0.0522,78.9502,18.7065,2.3433,50.0,2.0202,47.9798,1.3403,0.7506
10,4,HapticsFixed,100.1528,12.3446,0.1537,0.0996,0.2474,0.1887,0.1614,0.1149,0.2687,0.0574,0.1174,0.2756,0.0222,1.3623,0.7973,3.0686,1.2592,1.2301,2.164,2.6504,2.0681,1.1771,3.8167,1.3525,1.8517,3.0108,2.9643,2.9762,0.7584,6.1033,1.1839,2.8144,3.5651,0.4366,365.6975,275.1556,955.0301,729.5572,310.9671,427.2242,422.6704,100.0,0.0645,,0.0645,,86.3561,12.6595,0.9845,66.6667,1.0309,65.6357,1.3403,0.7471
11,2,HapticsFixed,112.3056,10.9757,0.2744,0.2103,0.3497,0.3411,0.184,0.1283,0.3284,0.0467,0.1214,0.1385,0.0238,1.234,0.7241,2.7772,1.1802,0.9283,1.4307,2.8363,1.8659,1.0305,3.4336,1.2839,1.5883,1.8531,2.8797,2.9635,0.8141,6.0487,1.3523,2.3645,2.7788,1.4703,949.5656,246.2201,1452.7733,1337.5215,635.929,733.0536,1638.3709,100.0,0.0686,,0.0686,,41.6224,57.4997,0.878,0.0,1.8519,-1.8519,1.5,0.0
11,5,HapticsFixed,114.0139,10.8654,0.1937,0.2003,0.3024,0.1139,0.2012,0.0913,0.3084,0.1384,0.1321,0.3182,,1.3891,1.0906,2.6447,1.2016,1.1351,2.0599,2.53,2.0845,1.8759,3.3314,1.2886,1.8198,2.6031,,2.91,1.226,6.05,1.384,2.1796,4.1486,,477.9222,280.5212,999.6617,0.0,525.6595,659.8543,272.4855,100.0,0.0005,,0.0005,,72.5335,27.4543,0.0122,16.6667,2.7778,13.8889,1.3611,0.7347
12,1,HapticsFixed,126.7361,9.77,0.1766,0.1473,0.2401,0.1888,0.2481,0.2432,0.2608,0.1543,0.1361,0.3016,0.6886,2.0679,2.0975,2.6637,1.5381,1.5824,2.6404,12.3091,4.1917,5.1265,3.1807,1.646,2.8288,4.3639,13.0934,3.5507,2.6196,5.7955,1.5708,3.0847,4.8772,4.7742,330.6231,248.7522,612.7823,701.4388,249.7679,469.395,393.5892,100.0,0.4463,0.7102,0.0167,0.0118,78.1503,19.2198,2.6298,0.0,0.813,-0.813,1.5,0.0
12,6,HapticsFixed,85.9584,14.4214,0.2628,0.1963,0.3322,0.3229,0.3546,0.3113,0.3206,0.4099,0.1186,0.3634,0.7037,3.0708,2.7619,2.5934,3.7975,2.2882,3.915,4.6211,4.3489,4.2721,3.3245,4.8554,3.4334,5.2595,5.5926,3.6376,2.2995,6.0548,2.8431,2.9332,3.9525,4.7532,361.2231,262.0005,529.1634,474.6579,344.0105,444.9656,340.0529,100.0,0.2538,0.3211,0.0451,0.2476,59.3538,23.4572,17.189,0.0,1.2195,-1.2195,1.5,0.0
13,3,HapticsFixed,161.6667,7.6557,0.2193,0.237,0.2092,0.1951,0.123,0.099,0.1797,0.1008,0.0803,0.1115,0.0192,1.7695,1.1676,3.1046,1.9496,1.754,1.7739,2.4453,2.3955,1.5338,3.6071,2.468,2.3184,2.5357,3.0595,3.9829,2.0776,6.5725,3.7719,4.0523,3.6309,6.375,315.1847,215.3476,550.4236,397.2282,348.7608,363.5801,225.2002,100.0,0.0294,,0.0149,0.0564,69.5645,29.0353,1.4002,20.0,3.2051,16.7949,1.1666,0.8572
13,4,HapticsFixed,154.8333,8.0363,0.1154,0.1099,0.1654,0.0951,0.1367,0.1269,0.1747,0.1253,0.106,0.3183,0.0108,2.0697,1.7173,3.2487,1.9825,1.8811,4.1291,8.085,3.0102,2.5446,3.6996,3.0779,2.6744,5.4384,3.4823,4.877,4.0392,7.1845,3.9511,4.0456,9.9055,2.3704,248.1753,225.1308,495.68,1079.1367,266.9269,270.596,201.3778,100.0,0.0319,,,0.0319,92.1787,7.4984,0.3229,25.0,2.7211,22.2789,1.1736,0.8572
14,2,HapticsFixed,117.1527,10.6028,0.2109,0.2448,0.1992,0.1647,0.1602,0.1086,0.2398,0.1176,0.1226,0.1166,,1.4776,1.1506,2.3564,1.5322,1.4245,1.591,,1.8879,1.6424,2.7626,1.4329,1.6799,2.2076,,3.0989,1.6678,5.9478,1.7329,2.7664,3.4233,,465.1187,343.2507,725.578,,548.8253,364.0461,388.0217,100.0,,,,,68.1247,31.8753,0.0,50.0,5.4054,44.5946,0.7871,1.3063
14,5,HapticsFixed,98.6112,12.5409,0.2155,0.1874,0.1743,0.3121,0.1589,0.1132,0.1944,0.1374,0.1013,0.1292,0.0336,2.2245,2.3661,2.4956,1.6954,2.5244,1.6993,3.7022,2.823,3.1261,2.889,1.8083,2.9244,2.5156,3.6762,3.3291,2.3732,5.9499,1.565,3.4426,2.9014,6.598,483.2636,314.5044,728.0733,863.3094,466.2116,246.2334,684.3306,100.0,0.0869,0.0758,,0.091,59.724,38.6565,1.6195,0.0,3.125,-3.125,1.5,0.0
16,3,HapticsFixed,98.8889,12.5491,0.0708,0.0664,0.0873,0.0686,0.0887,0.0731,0.1034,0.1003,0.0845,0.0148,,1.2085,0.9498,2.0992,1.1144,1.211,1.0161,,1.5841,1.2084,2.3645,1.3683,1.5881,1.0858,,3.0421,1.2836,5.9996,1.5749,3.0521,1.2845,,232.7698,227.7683,623.5012,,239.1405,205.5498,238.1013,100.0,,,,,98.7361,1.2639,0.0,20.0,2.1277,17.8723,1.5,0.6667
16,4,HapticsFixed,125.4584,9.8958,0.0836,0.0753,0.1257,0.078,0.1036,0.0894,0.1611,0.0735,0.0926,0.3182,,1.0966,0.6735,2.5589,1.2348,1.0511,2.9983,,1.615,0.8982,3.2043,1.1364,1.512,3.9803,,2.904,1.1679,5.9433,1.5687,2.7463,6.6715,,339.246,337.5742,409.1514,,426.955,216.7837,202.368,12.5083,,,,,97.6644,2.3356,0.0,50.0,2.4793,47.5207,1.3403,0.7534
5,3,HapticsAdaptive,127.9862,9.6942,0.271,0.3497,0.1668,0.1957,0.2844,0.2721,0.2076,0.2541,0.1212,0.3194,0.4398,2.0017,1.1733,3.5778,2.4873,2.3741,1.6797,1.4734,2.7372,1.7129,4.3162,2.6861,2.9099,2.6021,2.2745,3.3028,1.4845,6.2401,2.3413,3.7274,2.9225,1.7678,347.5345,301.5477,312.3335,657.6456,378.2679,345.4246,293.4671,100.0,0.072,0.0651,0.0593,0.1114,49.8589,38.3898,11.7513,50.0,4.4643,45.5357,0.9583,1.119
5,6,HapticsAdaptive,113.5278,10.9255,0.3082,0.4225,0.2277,0.1639,0.312,0.2695,0.2598,0.1847,0.1485,0.169,0.1665,1.9094,1.6898,2.6061,1.8666,2.0345,1.9522,1.4865,2.4864,2.277,3.05,2.1138,2.5913,2.4252,1.9731,3.3693,1.8489,6.1139,2.3083,3.093,3.7447,1.9671,342.6837,314.0398,349.7415,413.4077,380.6297,359.7122,269.0297,0.0,0.2673,0.2852,0.0722,,52.7951,28.685,18.5199,60.0,3.1579,56.8421,0.8009,1.2741
6,4,HapticsAdaptive,117.7223,10.5389,0.3245,0.3762,0.1822,0.3319,0.2183,0.1561,0.191,0.2308,0.1284,0.1881,0.0186,1.6554,0.8301,3.31,1.9482,2.165,1.4782,0.859,2.4494,1.1067,3.7981,2.5962,3.0051,2.1897,1.2198,3.0987,0.9739,6.0051,1.6529,3.6808,2.7982,0.9511,420.6049,309.7588,469.1899,543.7052,425.4896,294.7761,496.3515,100.0,0.039,0.0393,0.0163,0.039,35.5078,53.7218,10.7703,66.6667,0.0,66.6667,1.2153,0.8315
6,5,HapticsAdaptive,111.3889,11.2283,0.3812,0.312,0.1267,0.6376,0.2951,0.2612,0.1544,0.053,0.1443,0.0938,0.0671,1.3521,0.9226,2.5623,1.3322,1.6214,1.3733,1.1142,2.0004,1.2923,3.4625,1.6252,2.4565,1.8789,1.5251,3.2003,1.0831,6.3121,2.0244,4.4062,1.3606,2.0722,464.9665,295.8978,396.6751,632.263,362.2202,229.5096,763.6444,100.0,0.1407,0.0407,,0.189,39.2844,14.9233,45.7923,66.6667,0.0,66.6667,1.1007,0.9123
7,2,HapticsAdaptive,132.5278,9.336,0.1099,0.0764,0.1947,0.1115,0.1368,0.0963,0.2235,0.087,0.0993,0.2807,,1.27,0.6984,2.669,1.3233,1.1479,2.3296,,1.7376,1.0492,3.0345,1.1272,1.5471,2.9081,,3.1243,0.8157,6.1172,1.808,2.6338,5.8452,,268.6816,268.3654,271.4259,,278.0246,245.9428,267.7434,100.0,,,,,89.6678,10.3322,0.0,16.6667,0.0,16.6667,0.7222,1.3847
7,6,HapticsAdaptive,98.5417,12.5565,0.1321,0.1097,0.2292,0.1141,0.1737,0.1091,0.2789,0.1127,0.1142,0.357,0.0096,1.5075,1.1638,3.0301,1.2105,1.3447,2.5407,1.5071,2.0897,1.5636,3.487,1.2702,1.8678,3.1565,1.7462,3.0281,1.2688,6.2481,1.203,2.5921,4.9707,0.6201,354.643,330.7889,476.6187,1027.7492,342.8552,398.9796,349.2555,100.0,0.0284,,0.0284,,85.8794,13.5287,0.5919,60.0,0.0,60.0,0.7222,1.3892
8,1,HapticsAdaptive,108.2917,11.686,0.3859,0.2333,0.9135,0.1693,0.7249,0.2451,1.3916,0.1641,0.1284,0.3329,1.7017,5.4887,1.3244,17.9615,1.5638,2.3576,3.9559,18.6818,13.7823,1.8543,27.5313,1.8692,6.3713,9.0264,29.51,7.2221,1.6992,14.0221,2.0622,4.096,4.1964,14.9424,401.8739,341.4928,423.1909,576.2057,375.0707,524.7127,332.7531,88.7022,0.4617,0.1407,0.5373,,57.2198,26.1606,16.6196,60.0,2.9126,57.0874,0.7408,1.5845
8,4,HapticsAdaptive,104.3473,11.9452,0.3873,0.2777,0.2481,0.625,0.3909,0.3426,0.3096,0.0412,0.1137,0.3877,0.0528,1.8175,1.737,2.9814,1.2977,1.7423,2.3766,1.6086,2.5613,2.5888,3.5516,1.2592,2.4694,3.4292,2.036,3.2816,1.5815,6.31,1.8022,3.9745,3.3861,2.0755,438.3185,388.8355,468.5906,465.8531,425.4091,443.0473,454.7387,100.0,0.164,0.1563,0.0486,0.1702,36.4919,20.8411,42.667,40.0,5.0,35.0,0.75,1.48
9,2,HapticsAdaptive,126.0833,9.8281,0.1199,0.1104,0.1585,0.1146,0.1382,0.135,0.1764,0.0809,0.1217,0.1219,,1.3816,0.789,3.0129,1.4799,1.3402,2.3617,,1.8913,1.0415,3.3084,1.4264,1.8307,2.749,,3.0,1.1657,5.9619,1.7728,2.8839,4.3136,,235.8197,240.3312,129.0272,,238.6443,191.6613,255.6462,100.0,,,,,95.9467,4.0533,0.0,28.5714,2.5,26.0714,0.7431,9.3423
9,3,HapticsAdaptive,101.4584,12.2135,0.1484,0.1486,0.1401,0.1526,0.1455,0.144,0.1578,0.1089,0.1076,0.1673,,1.1689,0.879,2.1613,1.1317,1.1672,1.1773,,1.5847,1.1731,2.6809,1.2919,1.5853,1.4996,,3.1609,1.499,6.1186,1.8877,3.2578,2.4725,,259.3709,232.9975,382.9466,,258.8817,265.7972,256.6807,100.0,,,,,82.4117,17.5883,0.0,0.0,4.2105,-4.2105,1.5,0.0
10,1,HapticsAdaptive,75.5,16.3312,0.2848,0.238,0.5491,0.1994,0.3533,0.1782,0.5801,0.1884,0.1166,0.373,0.7061,2.031,1.1535,4.557,1.9039,1.3693,1.9787,4.8253,3.3244,2.0643,5.7221,2.9415,2.1804,3.2104,6.1839,3.5977,1.528,6.7706,2.4548,2.1395,4.3516,4.9622,423.9536,273.9604,484.6305,813.0708,416.7042,655.0402,295.4097,100.0,0.2443,0.1257,0.2718,0.1554,47.5262,40.4635,12.0103,25.0,2.8169,22.1831,1.2361,0.809
10,5,HapticsAdaptive,96.2083,12.859,0.1653,0.1705,0.2275,0.118,0.1964,0.1065,0.2515,0.1341,0.1443,0.3162,0.0358,1.4553,0.9498,2.8809,1.4014,1.3536,1.8342,3.3268,2.2909,1.4705,3.8109,1.9307,2.127,2.8119,3.87,3.0198,0.9696,6.2114,1.1331,2.8119,3.5745,1.0435,317.7596,302.2643,359.0888,851.95,304.4354,301.5355,349.7155,100.0,0.1019,,0.1019,,82.246,16.657,1.097,60.0,1.1111,58.8889,1.162,0.868
11,3,HapticsAdaptive,108.6667,11.365,0.3216,0.2672,0.3509,0.3921,0.3025,0.2451,0.3628,0.3242,0.1075,0.2931,0.498,1.5087,0.8305,2.5409,1.9891,1.4094,1.3904,3.6587,2.3179,1.1711,2.6601,3.0408,2.254,2.0355,4.6849,3.1346,0.958,6.0632,2.0523,2.0102,3.23,5.7477,351.3917,228.4271,408.0912,367.129,282.8007,388.3706,440.3552,100.0,0.1717,0.0327,0.0624,0.2719,30.4281,64.6134,4.9585,20.0,5.8252,14.1748,1.5,0.6667
11,6,HapticsAdaptive,111.5,11.0846,0.1693,0.1116,0.3849,0.1432,0.2335,0.1513,0.4435,0.1094,0.1182,0.3095,0.6403,1.5982,1.2174,3.2744,1.2955,1.1478,2.3962,7.4701,3.0663,2.9959,4.9499,1.0998,2.0824,4.0841,9.1515,3.6461,2.269,6.8697,1.5102,2.175,5.5536,9.1524,242.4664,221.2537,324.4113,237.9199,209.3726,274.2643,275.352,100.0,0.3727,0.1387,0.4389,,76.7842,20.0523,3.1635,16.6667,2.8571,13.8095,1.4583,0.6857
12,4,HapticsAdaptive,98.5417,12.5534,0.2175,0.0831,0.3326,0.3127,0.2965,0.097,0.3425,0.3888,0.1137,0.3663,0.5505,2.0513,0.7879,2.3028,3.3062,1.4569,2.7318,4.4528,3.1222,1.154,2.9459,4.344,2.3387,3.7104,5.3539,3.2778,0.957,6.0669,2.7389,2.0666,4.5349,5.0573,288.3375,237.8913,318.5643,554.6401,236.5813,341.2429,321.2172,68.4752,0.2337,,0.1157,0.2529,66.9955,22.9143,10.0902,0.0,1.0753,-1.0753,1.5,0.0
12,5,HapticsAdaptive,94.9583,13.1148,0.3601,0.3809,0.3961,0.3058,0.454,0.4603,0.4402,0.4155,0.1251,0.3257,0.7535,4.2877,4.1132,4.3651,4.5342,3.1961,5.0088,5.4407,6.5198,7.0814,5.4457,6.0708,5.5176,7.3028,7.2669,4.9743,5.1396,6.4198,3.1172,3.3547,5.4219,6.4579,509.4257,294.8941,588.9723,788.5999,502.1513,614.0233,463.8617,88.4615,0.3195,0.354,0.2061,0.3193,46.6657,24.437,28.8973,0.0,1.1236,-1.1236,1.5,0.0
13,2,HapticsAdaptive,161.7778,7.66,0.2065,0.2583,0.1687,0.1449,0.2054,0.1355,0.2102,0.168,0.1305,0.2306,0.0142,1.6631,1.495,2.6945,1.3228,1.7525,1.5197,1.2098,2.1867,1.9784,3.3455,1.47,2.2659,2.0234,1.4756,3.6678,2.3353,6.615,2.167,3.7429,3.2701,3.836,294.2174,247.1021,366.1507,586.3988,316.7771,284.6956,263.3058,100.0,0.0265,0.0295,0.013,,64.6322,33.093,2.2749,50.0,1.3245,48.6755,1.2986,0.7796
13,6,HapticsAdaptive,175.3333,7.0772,0.199,0.1941,0.2224,0.1957,0.1395,0.1187,0.2266,0.0639,0.0937,0.185,,2.3302,2.7093,2.8773,1.263,1.3417,4.7883,,3.3807,3.5254,3.2004,1.2631,1.8221,4.5364,,4.8063,4.6059,6.2957,2.2465,3.3692,6.5593,,236.94,212.3756,298.0217,,276.044,182.178,190.0596,100.0,,,,,71.3188,28.6812,0.0,11.1111,1.2048,9.9063,1.2222,0.8182
14,1,HapticsAdaptive,112.5417,11.0056,0.1953,0.233,0.2568,0.0945,0.2008,0.1652,0.2859,0.0998,0.1244,0.226,0.0498,1.5185,1.2486,2.5081,1.4221,1.4171,1.6787,6.492,2.1931,1.9803,3.0027,1.8828,1.9077,2.5724,5.0288,3.2733,1.7611,6.196,2.075,2.8827,3.8052,2.0592,215.7208,198.6566,252.3681,369.9897,212.8875,234.3268,210.0037,100.0,0.1185,0.1185,,,69.1757,30.3924,0.4319,66.6667,4.7619,61.9048,0.7326,1.4438
14,4,HapticsAdaptive,88.875,13.8718,0.2991,0.2516,0.3047,0.3777,0.186,0.1257,0.306,0.0785,0.1147,0.1754,0.0225,1.6409,1.3003,2.8679,1.4843,1.8452,1.5621,1.3185,2.0562,1.6317,3.0522,1.4383,2.305,1.9262,1.566,3.0606,1.4521,5.8897,1.5986,2.7964,3.1825,0.8027,383.768,347.6717,366.2645,1343.5609,325.7279,392.7502,478.3686,100.0,0.0482,,,0.0482,29.875,67.7656,2.3594,50.0,3.5294,46.4706,1.2222,0.8539
16,1,HapticsAdaptive,136.9861,9.0413,0.0943,0.0647,0.1721,0.1058,0.1122,0.0802,0.1623,0.0612,0.1043,0.023,,1.1929,0.756,2.4224,1.31,1.1409,2.8437,,1.5802,0.9453,2.7808,1.0874,1.5315,1.0768,,3.0128,1.259,5.9804,1.6181,2.8715,1.2601,,236.3073,237.8773,186.4289,,282.4273,190.2886,168.1988,100.0,,,,,96.9485,3.0515,0.0,0.0,1.5385,-1.5385,1.5,0.0
16,5,HapticsAdaptive,103.6667,11.9648,0.0804,0.0755,0.0992,0.079,0.1252,0.1279,0.1077,0.0981,0.076,0.3534,0.019,1.4406,1.2423,2.201,1.3809,1.183,4.5006,7.055,2.3092,2.2037,2.783,1.6896,1.7874,4.0217,0.6898,2.9448,1.1389,5.9669,1.6669,3.0239,1.5261,0.5242,261.9418,247.3737,453.939,269.7842,261.9289,202.8847,295.9573,100.0,0.0405,0.0405,,,92.5653,7.006,0.4287,20.0,3.0612,16.9388,1.4723,0.6792
